address,name,chainId
0x70997970C51812dc3A010C7d01b50e0d17dc79C8,Ops Co-owner,1
0x70997970C51812dc3A010C7d01b50e0d17dc79C8,Ops Co-owner,10
0x70997970C51812dc3A010C7d01b50e0d17dc79C8,Ops Co-owner,8453
0x000000000000000000000000000000000000a11c,Treasury Vault,1
0x000000000000000000000000000000000000A11C,Treasury Vault,137
0x000000000000000000000000000000000000a11c,Treasury Vault,42161
0x0000000000000000000000000000000000001337,Test Router,1
0x0000000000000000000000000000000000001337,Router (old label),10
0x15d34AAf54267DB7D7c367839AAf71A00a2C6A65,"Payroll, Q4",1
0x15d34AAf54267DB7D7c367839AAf71A00a2C6A65,"Payroll, Q4",56
0x3C44CdDdB6a900fa2b585dd299e03d12FA4293BC,Harness Alias,1
not-an-address,Broken Row,1
